GeneSetModule,Annotation1,Annotation2,Annotation3,Annotation4,Annotation5,Annotation6,Annotation7,Annotation8,Annotation9,Annotation10,Annotation11,Annotation12,Annotation13,Annotation14,Description,Link
CSGE_1,Chronic obstructive pulmonary disease,Asthma,Viral responses,Redox pathways,Cellular metabolism,Iron binding,Apoptosis,Cigarette smoking,Epithelial gene expression,,,,,Cell culture based smoking effect,Examined if cigarette smoke extract modulates viral responses by altering HRV-induced epithelial gene expression,https://pubmed.ncbi.nlm.nih.gov/22808255/
CSGE_2,Cigarette smoking in women,B-cell gene expression,Protein binding,ATP binding,Immune response,Oxygen transport,Phagocytosis,Cigarette smoking,Peripheral circulating B cells gene expression,"Smoking Status: Current, Never ",Smoking History: > 19 years,Pack-days: (1 - 1.21),Non-smoker vs Smoker,,"Compared the gene expression profiles of peripheral circulating B cells between 39 smoking and 40 non-smoking healthy US white women. A total of 125 differential expressed genes were identified in our study, and 75.2% of them were down-regulated in smoker",https://www.ncbi.nlm.nih.gov/pmc/articles/PMC2925024/
CSGE_3,Chronic obstructive pulmonary disease,Macrophages,Apoptosis,Phagocytosis,,,,Cigarette smoking,,"Smoking Status: Current, Never ",,"Pack-years: (30 - 40; Healthy smoker),  (Above 40; Smoker with COPD)","Non-smoker vs Smoker (Healthy smoker, Smoker with COPD)",,They collected a list of 14 known apoptotic cell-removal receptor -related genes from literature. 13 apoptotic cell removal receptor genes had no significant differences in relative gene expression among smokers and non-smokers. The expression of only MER,https://www.ncbi.nlm.nih.gov/pmc/articles/PMC2586050/
CSGE_4,Lung cancer,Chronic obstructive pulmonary disease,Airway epithelium,Antioxidant,Detoxification,,,Cigarette smoking,Epithelial gene expression,"Smoking Status: Current, Never ",,Pack-years: (10 - 20),Non-smoker vs Smoker,,In this paper they have used previously used differential gene expression data in the bronchial epithelium in smoking patients with reference to non-smoking individuals. This has been used here to know if a similar gene expression change is reflected in t,https://www.ncbi.nlm.nih.gov/pmc/articles/PMC2435556/
CSGE_5,Adenocarcinoma,Mitotic spindle formation genes,Cell cycle,Lung cancer,,,,Cigarette smoking,Lungs tissue gene expression,"Smoking Status: Current, Former, Never",,,Tumor tissue vs Non tumor tissue in Non-smoker vs Smoker,,Data is provided on the genes differentially expressed in current/never smokers and tumor and non-tumor lung tissue,https://www.ncbi.nlm.nih.gov/pmc/articles/PMC2249927/
CSGE_6,Maternal cigarette smoking,Hormone disrupter,Oxidative stress,Cell-adhesion,RNA Catabolism,Cigarette smoking in women,,Cigarette smoking,,,,,Non-smoker vs Smoker,,In this article they have provided data on the differential gene expression in placentas of smoking mothers,https://ascpt.onlinelibrary.wiley.com/doi/full/10.1038/sj.clpt.6100376
CSGE_7,Lung cancer,Airway epithelium,,,,,,Cigarette smoking,Epithelial gene expression,"Smoking Status: Current, Former",Smoking Years Quit: > 7 years,Pack-years: Above 40,Tumor tissue vs Non tumor tissue in Current smoker vs Former Smoker,,They have found the differential gene expession in the large -airway epithelial cells of smokers in comparison to non-smokers to determine if it could be used as a Lung Cancer biomarker.,https://www.nature.com/articles/nm1556
CSGE_8,Lung cancer,Oncogenic pathway deregulation,Phosphatidylinositol 3-kinase pathway activation,,,,,Cigarette smoking,Lungs tissue gene expression,"Smoking Status: Current, Former, Never",,Pack-years: Above 40,Tumor tissue vs Non tumor tissue in Non-smoker vs Smoker,,PI3K pathway is deregulated in the bronchial airway of high-risk smokers and there is specific gene-expression differences associated with PI3K pathway.,https://www.ncbi.nlm.nih.gov/pmc/articles/PMC3694402/
CSGE_9,Neuroendocrine cells,Chronic obstructive pulmonary disease,Ubiquitin proteosome pathway,Airway epithelium,,,,Cigarette smoking,Neuroendocrine cells gene expression,"Smoking Status: Current, Never ",,"Pack-years: (20 - 30; Healthy smoker),  (20 - 40; Smoker with COPD)","Non-smoker vs Smoker (Healthy smoker, Smoker with COPD)",,They have studied the gene expression profile of neuroendocrine cells in response to smoking. Out of the 11 genes considered to be neuro-endocrinic cell specific  only one gene is differentially expressed in response to smoking.,https://cancerres.aacrjournals.org/content/66/22/10729
CSGE_10,Airway epithelium,Chronic obstructive pulmonary disease,Mucus overproduction,Apoptosis,Oxidative stress,Cytokines,Immune response,Cigarette smoking,Epithelial gene expression,"Smoking Status: Current, Never ",,Pack-years: (20 - 30),Non-smoker vs Smoker,,"The study found that though the candidates were phenotypically normal, microarray alysis of gene expression of small airway-epithelium of smokers compared to non-smokers demonstrated up- and down-regulation of genes in multiple categories relavent to path",https://link.springer.com/article/10.1007%2Fs00109-006-0103-z
CSGE_11,Airway epithelium,Lung cancer,,,,,,Cigarette smoking,Epithelial gene expression,"Smoking Status: Current, Former, Never",,Pack-years: (20 - 30),Former smoker vs Current Smoker vs Non-Smoker ,,This study describes genes differentially expressed in the human airway epithelial cells due to cigarette smoking.,https://www.pnas.org/content/101/27/10143
CSGE_12,Xenobiotic metabolism,Metallothionein genes,Lung cancer,Oxidative stress,Inflammation,Cilium morphogenesis,Cell cycle,Cigarette smoking,,Smoking Status: Current,,Pack-years: (10 - 20),,,Differential gene expression data was obtained where 91 genes were differentially expressed due to acute smoke exposure. Out of that only 5 genes most significant genes have been provided.,https://journals.physiology.org/doi/full/10.1152/physiolgenomics.00092.2017
CSGE_13,Macrophages,Signal Transduction,Chronic obstructive pulmonary disease,Inflammation,Cell-adhesion,Proteolysis and anti-proteolysis,Lysosomal function,Cigarette smoking,Macrophages gene expression,"Smoking Status: Current, Never ",,Pack-years: (20 - 30),Non-smoker vs Smoker,,The gene expression differences were studied in the alveolar macrophages of smokers vs non-smokers . 40 genes up-regulated and 35 down-regulated.,https://link.springer.com/article/10.1007/s00109-005-0008-2
CSGE_14,Airway epithelium,Notch-related genes,Chronic obstructive pulmonary disease,,,,,Cigarette smoking,,"Smoking Status: Current, Never ",,"Pack-years: (30 - 40; Healthy smoker),  (Above 40; Smoker with COPD)","Non-smoker vs Smoker (Healthy smoker, Smoker with COPD)",,Down-regulation of 3 NOTCH-related genes in healthy smokers and smokers with COPD.,https://www.ncbi.nlm.nih.gov/pmc/articles/PMC2654975/
CSGE_15,Airway epithelium,Cell growth,Transcription regulation,,,,,Cigarette smoking,Epithelial gene expression,"Smoking Status: Current, Never ",,Pack-years: (20 - 30),"Non-smoker vs Smoker (Healthy smoker, Smoker with COPD)",,Contribution of high exposure to pollutants to significant dysregulation of the small airway epithelium transcriptome of smokers compared to non-smokers,https://www.ncbi.nlm.nih.gov/pmc/articles/PMC6290954/
CSGE_16,Monogenic lung disorders,Alpha-1 AT protein deficiency,CF transmembrane conductance,Airway epithelium,,,,Cigarette smoking,Epithelial gene expression,"Smoking Status: Current, Never ",,,Non-smoker vs Smoker,,Significant effects of cigarette smoking on expression in the human SAE of genes known to be causative of recessive pulmory-related monogenic disorders,https://www.ncbi.nlm.nih.gov/pmc/articles/PMC4731708/
CSGE_17,Oxidative stress,DNA damage,Airway epithelium,Autophagy,,,,Cigarette smoking,,"Smoking Status: Current, Never ",,,"Non-smoker vs Smoker (Healthy smoker, Smoker with COPD)",,Autophagy induction by smoking invitro is accompanied by the upregulation of OSGIN1 gene.,https://www.tandfonline.com/doi/full/10.1080/15548627.2017.1301327
CSGE_18,Airway epithelium,DNA Methylation,mRNA translation,Protein synthesis,,,,Water pipe smoking,,"Smoking Status: Current, Never ",,,Non-smoker vs Smoker,,Genes differentially methylated due to waterpipe smoking,https://journals.plos.org/plosone/article?id=10.1371/journal.pone.0171112
CSGE_19,Airway epithelium,Mucus overproduction,,,,,,,Epithelial gene expression,"Smoking Status: Current, Never ",,Pack-years: (20 - 30),Non-smoker vs Smoker,,In total 24 genes of the GABAergic system were expressed in the large and small airway epithelial in smokers and non-smokers. Out of whih only GAD67 expression was up-regulated in healthy smokers compared to healthy non-smokers in the large airway epithel,https://respiratory-research.biomedcentral.com/articles/10.1186/1465-9921-11-150
CSGE_20,Ulcerative colitis,Crohn's disease,Inflammation,Apoptosis,,,,,Jurkat cells gene expression,,,,,Cell culture based smoking effect,Transcriptome profiling of CSE-exposed DLD-1 and Jurkat cells.,https://www.sciencedirect.com/science/article/pii/S0925443916300175?via%3Dihub
CSGE_21,Iron binding,Cytochrome C oxidase(COX),Mitochondrial genes,Chronic obstructive pulmonary disease,Mucociliary clearance,,,Cigarette smoking,,,,,"Non-smoker vs Smoker (Healthy smoker, Smoker with COPD)",,There was a higher expression of Irp2 expression and activity in lungs of WT mice exposed to cigarette smoke compared to room air-exposed controls.,https://www.nature.com/articles/nm.4021
CSGE_22,Airway epithelium,Telomere length,,,,,,Cigarette smoking,Epithelial gene expression,"Smoking Status: Current, Never ",,Pack-years: (10 - 20),Non-smoker vs Smoker,,Aging genes differentially expressed in the small airway epithelium of healthy smokers vs healthy non-smokers.,https://respiratory-research.biomedcentral.com/articles/10.1186/s12931-014-0094-1
CSGE_23,Female sex hormone signaling,,Cigarette smoking in women,,,,,Cigarette smoking,,,Smoking History: > 19 years,Pack-days: (1 - 1.21),Smoker vs Non-Smoker,,The gender was used as a parameter to study the effect of cigarette smoking gene differential expression. Biological functions were overrepresented in female smokers compared to male smokers.,https://www.longdom.org/open-access/differential-effect-of-active-smoking-on-gene-expression-in-male-and-female-smokers-2157-2518-5-198.pdf
CSGE_24,DNA Methylation,,,,,,,Cigarette smoking,,"Smoking Status: Current, Former, Never",,,Former smoker vs Current Smoker vs Non-Smoker ,,Gene expression changes due to changes in methylation level caused due to smoking,https://www.tandfonline.com/doi/full/10.4161/15592294.2014.969637
CSGE_25,Chronic obstructive pulmonary disease,Airway epithelium,DNA Methylation,,,,,Cigarette smoking,,Smoking Status: Former,Smoking Years Quit: > 10 years,"Pack-years: (Above 40; Healthy smoker),  (Above 40; Smoker with COPD)",Healthy smoker vs Smoker with COPD,,Genes whose methylation status is altered due to smoking,https://www.ncbi.nlm.nih.gov/pmc/articles/PMC4068945/
CSGE_26,Airway epithelium,DNA Methylation,Metabolism,Transcription regulation,Signal Transduction,Transport,,Cigarette smoking,Epithelial gene expression,"Smoking Status: Current, Never ",,Pack-years: (20 - 30),Non-smoker vs Smoker,,Genes differentially methylated in the small airway epithelium due to smoking,https://academic.oup.com/hmg/article/22/23/4726/1162012
CSGE_27,Airway epithelium,Chronic obstructive pulmonary disease,,,,,,Cigarette smoking,,"Smoking Status: Current, Never ",,"Pack-years: (20 - 30; Healthy smoker),  (Above 40; Smoker with COPD)","Non-smoker vs Smoker (Healthy smoker, Smoker with COPD)",,Smoking related differentially expressed genes in the SAE of healthy non-smokers and healthy smokers,https://www.ncbi.nlm.nih.gov/pmc/articles/PMC3145669/
CSGE_28,Apical junctional complex integrity,Chronic obstructive pulmonary disease,Airway epithelium,,,,,Cigarette smoking,,,,"Pack-years: (20 - 30; Healthy smoker),  (Above 40; Smoker with COPD)","Non-smoker vs Smoker (Healthy smoker, Smoker with COPD)",,The AJC gene expression in the SAE of healthy smokers and smokers with COPD compared to healthy non-smokers was characterized,https://link.springer.com/article/10.1007%2Fs00018-010-0500-x
CSGE_29,Wnt pathway,Airway epithelium,Chronic obstructive pulmonary disease,,,,,Cigarette smoking,Epithelial gene expression,"Smoking Status: Current, Never ",,"Pack-years: (20 - 30; Healthy smoker),  (Above 40; Smoker with COPD)","Non-smoker vs Smoker (Healthy smoker, Smoker with COPD)",,SAE Wnt pathway genes suppressed in healthy smokers and COPD smokers compared to healthy nonsmokers,https://www.ncbi.nlm.nih.gov/pmc/articles/PMC3072378/
CSGE_30,Macrophages,Inflammation,Lung parenchyma,Cytosine methylation,,,,Cigarette smoking,Macrophages gene expression,"Smoking Status: Current, Never ",,Pack-years: (10 - 20),Non-smoker vs Smoker,,30 Most differentially expressed genes in smokers vs non-smokers.,https://www.ncbi.nlm.nih.gov/pmc/articles/PMC3427615/
CSGE_31,Airway epithelium,,,,,,,Cigarette smoking,Epithelial gene expression,"Smoking Status: Current, Never ",,Pack-years: (20 - 30),Non-smoker vs Smoker,,Smoking related differentially expressed genes in the trachea epithelium and SAE,https://www.ncbi.nlm.nih.gov/pmc/articles/PMC3875387/
CSGE_32,Increased body fat,Airway epithelium,,,,,,Cigarette smoking,Epithelial gene expression,"Smoking Status: Current, Never ",,Pack-years: (20 - 30),Non-smoker vs Smoker,,AZP1 gene is involved in lipolysis and fat loss and it is overexpressed in the airway epithelium of chronic smokers.,https://www.ncbi.nlm.nih.gov/pmc/articles/PMC2679098/
CSGE_33,Lectins,Airway epithelium,Interlectin 1,,,,,Cigarette smoking,Epithelial gene expression,"Smoking Status: Current, Never ",,"Pack-years: (30 - 40; Healthy smoker),  (Above 40; Smoker with COPD)","Non-smoker vs Smoker (Healthy smoker, Smoker with COPD, Smoker with Lone emphysema)",,Only ILTN1 gene among the lectin family gene is differentially expressed among LAE and SAE,https://www.ncbi.nlm.nih.gov/pmc/articles/PMC2651682/
CSGE_34,Squamous cell lung carcinoma,Airway epithelium,Oxidative stress,,,,,Cigarette smoking,Epithelial gene expression,"Smoking Status: Current, Former",Smoking Years Quit: > 2 years,Pack-years: (30 - 40),Tumor tissue vs Non tumor tissue in Current smoker vs Former Smoker,,Genes differentially expressed between histologically normal bronchial epithelium of current vs ex-smokers.,https://onlinelibrary.wiley.com/doi/full/10.1002/path.2520
CSGE_35,Chronic obstructive pulmonary disease,Signal Transduction,Xenobiotic metabolism,Metabolism,Transport,Oxidant-related,Transcription regulation,Cigarette smoking,,"Smoking Status: Current, Never ",,"Pack-years: (30 - 40; Healthy smoker),  (30 - 40; Smoker with COPD)","Non-smoker vs Smoker (Healthy smoker, Smoker with COPD)",,Smoking responsive genes in SAE of normal smokers compared to non-smokers,https://www.ncbi.nlm.nih.gov/pmc/articles/PMC3632367/
CSGE_36,Macrophages,Chronic obstructive pulmonary disease,Chemokines,Tissue remodeling,Immunoregulation,,,,Macrophages gene expression,"Smoking Status: Current, Never ",,"Pack-years: (20 - 30; Healthy smoker),  (Above 40; Smoker with COPD)","Non-smoker vs Smoker (Healthy smoker, Smoker with COPD)",,Changes in M1 and M2 gene expression. M1 and M2 part of alveolar macrophage polarization.,https://www.ncbi.nlm.nih.gov/pmc/articles/PMC2873685/
CSGE_37,Airway epithelium,Oxidant-related,,,,,,,Macrophages gene expression,"Smoking Status: Current, Never ",,Pack-years: (20 - 30),Non-smoker vs Smoker,,Differential expression of oxidant-related genes in alveolar genes in alveolar macrophages and SAE from the same healthy smokers,https://respiratory-research.biomedcentral.com/articles/10.1186/1465-9921-10-111
CSGE_38,Maternal cigarette smoking,Vascularization,Xenobiotic metabolism,Oxidative stress,Inflammation,Innate Immunity,Hematopoiesis,Cigarette smoking,,,,,Non-smoker vs Smoker,,"Differentially expressed genes in peripheral blood, placenta and cord blood of smokers vs non-smokers.",https://www.sciencedirect.com/science/article/pii/S0143400411002438?via%3Dihub
CSGE_39,Airway epithelium,Chronic obstructive pulmonary disease,Lung cancer,Idiopathic pulmonary fibrosis,,Cigarette smoking,Epithelial gene expression,,,,,Pack-years: (10 - 20),Non-smoker vs Smoker,,Cell-specific expression of lung disease risk-related genes in the human small airway epithelium,https://respiratory-research.biomedcentral.com/articles/10.1186/s12931-020-01442-9#Sec13
CSGE_40,Lung cancer,Innate Immunity,Inflammation,Cell death,Adenocarcinoma,Cigarette smoking,,,,"Smoking Status: Current, Former, Never",,,Tumor tissue vs Non tumor tissue in Non-smoker vs Smoker,,Cigarette smoke alters the transcriptome of non-involved lung tissue in lung adenocarcinoma patients,https://www.nature.com/articles/s41598-019-49648-2#Sec16
CSGE_41,Airway epithelium,Chronic obstructive pulmonary disease,Epithelial barrier integrity,Cilia beat activity,Cigarette smoking,,,,,,,,,Cell culture based smoking effect,Intermittent exposure to whole cigarette smoke alters the differentiation of primary small airway epithelial cells in the air-liquid interface culture,https://www.nature.com/articles/s41598-020-63345-5#Sec25
DGE_1,Plasma insulin level,Leptin level decrease,Ketone bodies level increase,Free fatty acids increase,"Phosphorylation of forkhead protein 1, sirtuin 1 and class Iia histone deacetylase 4",Skeletal muscle gene expression,Gene expression induced due to fasting,,,DE genes expressed in Lean ,Diet intake: Fasting,DE genes in Fasting vs Control,,,Genes differentially expressed in human skeletal muscle after 10h and 24h fasting,https://journals.physiology.org/doi/full/10.1152/ajpendo.00215.2014
DGE_2,Breast cancer,Decreased response of tumors to endocrine therapies,Estrogen-receptor-dependent growth,Liver X receptor metastasis,Tumour associated macrophages,,,,,,Diet intake: Cholesterol ,Cholesterol intake vs Control,Diet induced gene expression in Mice,,27-hydroxycholestrol is amodulator of both ER and LXR taregt gene expression in cellular models of Era+ breast cancer cells,https://www.ncbi.nlm.nih.gov/pmc/articles/PMC3899689/
DGE_3,Insulin resistance,Insulin-stimulated glucose metabolism,Type 2 Diabetes,Plasma insulin level,Mitochondrial genes,Proteosome degradation,mRNA processing,Glucose metabolism,,DE genes expressed in Obese,Drug/Diet intake: Pioglitazone ,Drug (Pioglitazone ) vs Placebo,,,"Thiazolidinediones induce adipogenesis, insulin-sensitizing and antidiabetic properties. It regulates expression of genes involved in mitochondrial biogeneis, insulin signal transduction, glucose and lipid metabolism.",https://journals.plos.org/plosone/article?id=10.1371/journal.pone.0002466
DGE_4,Metabolism,AMPK activation,Increased SIRT1 protein level,Increased PGC-1a protein level,Increased citrate synthase activity,Inflammation,,,,DE genes expressed in Obese,Drug/Diet intake: Resveratrol ,Drug (Resveratrol ) vs Placebo,,,Differential gene expression due to resveratrol supplementation,https://www.ncbi.nlm.nih.gov/pmc/articles/PMC3880862/
DGE_5,Type 2 Diabetes,Reduction in body mass index,Lipid metabolism,Obesity,Plasma insulin level,Glycosylted hemoglobin content,Antimicrobial peptides,,,DE genes expressed in Obese,Weight loss surgery,DE genes associated with weight loss surgery,,,Genes differentially expressed after a bariatric surgery,https://www.ncbi.nlm.nih.gov/pmc/articles/PMC3053356/
DGE_6,RNA metabolism,Protein catabolism,Energy metabolism,,,,,,,"DE genes expressed in Obese, Lean",,Obese vs Lean,,,Gene differential expression data,https://www.ncbi.nlm.nih.gov/pmc/articles/PMC2741713/
DGE_7,Protein Metabolism,Signal Transduction,Vesicular traffic,Cytoskeletal function,Metabolism,Transcription regulation,,Skeletal muscle gene expression,,DE genes expressed in Insulin sensitive individuals ,,,,,Genes differentially expressed due to insulin in the skeletal muscle,https://link.springer.com/article/10.1007%2Fs12020-007-0007-x
DGE_8,Atherosclerosis,,,,,,Olive oil induced gene expression,Diet induced gene expression,,,,Before vs After diet intake,,,Genes differentially expressed due to sustained virgin olive oil consumption,https://www.liebertpub.com/doi/10.1089/omi.2008.0079
DGE_9,Oxidative phosphorylation,Glucose metabolism,Fatty acid metabolism,,,,,Diet induced gene expression,,"DE genes expressed in Obese, Lean ",DE genes indcued due to Exercise,Before vs After exercise,,,Differentially expressed genes in diet sensitive vs diet -resistant obesity,https://www.ncbi.nlm.nih.gov/pmc/articles/PMC2903798/
DGE_10,Liver X receptor signaling,Cellular stress response,Fatty acid metabolism,,,,,Diet induced gene expression,,DE genes expressed in Lean ,Diet intake: High-fat,High-fat intake vs Control,,,Differential gene expression due to consumption of dietry polyunsaturated fatty acids and saturated fatty acids,https://academic.oup.com/ajcn/article/91/1/208/4597083
DGE_11,Inflammation,Obesity,,,,,SFA and MUFA associated gene expression,Diet induced gene expression,,DE genes expressed in Overweight,Diet intake: High-fat,DE genes expressed in High-fat diets,,,Differential gene expression due to SFA and MUFA.,https://academic.oup.com/ajcn/article/90/6/1656/4598127
DGE_12,Lipid metabolism,Fatty acid binding proteins,Adipocyte differentiation,Oxidative stress,Anti-inflammatory,,Adipose tissue gene expression,Diet induced gene expression,,DE genes expressed in Obese,,LAT vs HAT,,,Differential gene expression in HAT and LAT subjects,https://www.ncbi.nlm.nih.gov/pmc/articles/PMC2843642/
DGE_13,Immune response,Nucleic acid metabolism,Apoptosis,O-glycan biosynthesis,,Quercetin induced gene expression,,Diet induced gene expression,,"DE genes expressed in Healthy, Overweight",Drug/Diet intake: Quercetin ,Drug (Quercetin ) vs Placebo,,,Genes differentially expressed due to quercetin,https://www.cambridge.org/core/journals/british-journal-of-nutrition/article/quercetin-supplementation-and-its-effect-on-human-monocyte-gene-expression-profiles-in-vivo/B0A4C9DAD0371843C814ACA8DC3DF399
DGE_14,Inflammation,Lipid metabolism,Transport,Transcription regulation,Cell growth,Protein metabolism,Cell signaling,Diet induced gene expression,Liver cell gene expression,DE genes expressed in Obese,Diet intake: Low-fat,Diet intake vs Control ,,,Diet intervention vs control group. Studied effect of hypocaloric diet on liver cell gene expression.,https://www.sciencedirect.com/science/article/pii/S093947530800135X?via%3Dihub
DGE_15,Transcription regulation,Insulin signaling,Triglyceride synthesis,Muscle growth,Insulin resistance,,,Gastric associated gene expression,,DE genes expressed in Obese,Weight loss surgery,DE genes associated with weight loss surgery,,,Genes differentially expressed due before and after gastric bypass surgery.,https://journals.physiology.org/doi/full/10.1152/physiolgenomics.00045.2006
DGE_16,Epicatechin,Immune response,,,,,Diet induced gene expression,Epicatechin gene expression,,DE genes expressed in Healthy,Drug/Diet intake: Epicatechin ,Drug vs Placebo,,,Differential gene expression due to epicatechin,https://journals.plos.org/plosone/article?id=10.1371/journal.pone.0194229
DGE_17,Immune response,Inflammation,Plasma insulin level,Xenobiotic metabolism,Glucose metabolism,,Dairy diet,Diet induced gene expression,,DE genes expressed in Healthy,"Diet intake: Yoghurt, Acidified Milk",DE genes expresed in Yoghurt vs acidified milk ,,,Genes differentially expressed on consumption of yoghurt,https://journals.plos.org/plosone/article?id=10.1371/journal.pone.0192947
DGE_18,Immune response,Inflammation,Muscle growth,DNA Methylation,,,High-fat Diet induced gene expression,Diet induced gene expression,,DE genes expressed in Healthy,Diet intake: High-fat,Exercise vs Control,,,Gens differentially differentially expressed due to High-fat Diet,https://www.nature.com/articles/s41598-017-15420-7
DGE_19,Citric acid cycle,Oxidative phosphorylation,Complement system,Inflammation,,,Fatty acid metabolism,Diet induced gene expression,,DE genes expressed in Obese,Diet intake: Milk fat and protein,,,,Differential gene expression due to medium-chain saturated fatty acids(MC-SFAs),https://www.nature.com/articles/ijo2017120
DGE_20,Immune response,,,,,,,Diet induced gene expression,,DE genes expressed in Healthy,Diet intake: Low calorie diet,Calorie restriction effect on old vs young,,,Calorie restriction effect on old vs young,https://www.ncbi.nlm.nih.gov/pmc/articles/PMC4968441/
DGE_21,Lipid metabolism,,,,,,Lipid induced gene expression,Diet induced gene expression,,DE genes expressed in Healthy,Diet intake: High-fat,Before vs After diet intake,,,Genes differentially expressed due to lipid feeding for a period of 56 days,https://academic.oup.com/jcem/article/99/7/E1254/2537444
DGE_22,Glucose metabolism,Lipid metabolism,Growth factor,Signal Transduction,Metabolism,Cell growth,Adipose tissue gene expression,Diet induced gene expression,Energy restriction associated gene expression,"DE genes expressed in Obese, Overweight",Diet intake: Dietary energy restriction,Diet intake vs Control ,,,DEGs due to dietry energy restriction in breast and adipose tissues,https://cancerpreventionresearch.aacrjournals.org/content/2/8/720
DGE_23,Mannose metabolism,Insulin resistance,Adipose tissue gene expression,,,,,Diet induced gene expression,,"DE genes expressed in Obese, Lean ",,Obese vs Lean,,,DEGs in liver tissue and subcutaneous adipose tissue of obese compared to healthy subjects ,https://www.sciencedirect.com/science/article/pii/S1550413116302480?via%3Dihub
DGE_24,Immune response,Macrophages,Transcription regulation,,,,,Diet induced gene expression,,DE genes expressed in Obese,Diet intake: Nordic diet,Diet intake vs Control ,,,DEGs between nordic diet and control diet,https://academic.oup.com/ajcn/article/101/1/228/4564300
DGE_25,Immune response,Inflammation,Endothelial activation,,Weight associated gene expression,,,,,,"Diet intake: Low-fat, meditation",Diet intake vs Control ,,,DEGs due to weight loss,https://onlinelibrary.wiley.com/doi/full/10.1002/oby.21079
DGE_26,Lipid metabolism,,,,,,Dairy diet,Diet induced gene expression,,DE genes expressed in Healthy,"Diet intake: High-fat, Low-fat",High fat vs Low fat,,,DEGs due to dietry intervention of full-fat dairy vs low-fat dairy,https://www.sciencedirect.com/science/article/pii/S0271531715000056?via%3Dihub
DGE_27,Insulin resistance,Lipid metabolism,,,,,High-fat Diet induced gene expression,Diet induced gene expression,,DE genes expressed in Non-obese,Diet intake: High-fat,Before vs After diet intake,,,DEGs due to high-fat diet,https://journals.physiology.org/doi/full/10.1152/ajpendo.00220.2015
DGE_28,Lipid metabolism,,,,,,Dairy diet,Diet induced gene expression,,DE genes expressed in Overweight,Diet intake: Milk fat,Diet intake vs Control ,,,DEGs after 8 week consumption of 40g milk fat/d,https://academic.oup.com/ajcn/article/102/1/20/4564341
DGE_29,Plasma insulin level,Leptin level decrease,Ketone bodies level increase,Free fatty acids increase,"Phosphorylation of forkhead protein 1, sirtuin 1 and class Iia histone deacetylase 4",,Gene expression induced due to fasting,,,DE genes expressed in Lean ,Diet intake: Fasting,Diet intake vs Control,,,DEGs due to fasting,https://journals.physiology.org/doi/full/10.1152/ajpendo.00215.2014
DGE_30,Adipocyte proliferation,Apoptosis,Angiogenesis,,,,,Diet induced gene expression,,DE genes expressed in Obese,"Diet intake: High protein diet, Low calorie diet",LC-P-LGI vs LC-CONV,,,DEGs due to energy-restricted high-protein diet,https://academic.oup.com/ajcn/article/95/1/49/4576671
DGE_31,Cytokines,Chemokines,Prostaglandin metabolism,Transcription regulation,Oxidative stress,,Weight associated gene expression,,,DE genes expressed in Obese,Diet intake: Low calorie diet,DE genes expressed in Low calorie diet,,,DEGs due to diet-induced weight loss vs baseline. ,https://academic.oup.com/ajcn/article/93/2/234/4597599
DGE_32,Cell growth,Apoptosis,Cellular maintenance,,,,Weight associated gene expression,,,DE genes expressed in Obese,,,,,"Differentially expressed genes between subjects who succeeded and subjects who failed weight control, independent of energy intake",https://academic.oup.com/ajcn/article/92/4/975/4597621
DGE_33,Insulin resistance,Inflammation,Type 2 Diabetes,Estrogen-receptor stress,,Physical inactivity associated gene expression,Weight associated gene expression,,,DE genes expressed in Healthy,Physical inactitivty ,,,,DEGs due to physical inactivity,https://journals.physiology.org/doi/full/10.1152/ajpendo.00590.2009
DGE_34,Obesity,Dyslipemia,Type 2 Diabetes,Inflammation,Transcription regulation,,Olive oil induced gene expression,Diet induced gene expression,,,Diet intake: Olive oil ,,,,DEGs due to comsumption of virgin olive oil,https://www.ncbi.nlm.nih.gov/pmc/articles/PMC2874810/
DGE_35,Calcinuerin regulation,Cytoskeletal function,Transcription regulation,Cell growth,Transcription regulation,,Eccentric exercise induced gene expression,,,DE genes expressed in Healthy,DE genes indcued due to Exercise,Exercise vs Control ,,,DEGs after eccentric exercise,https://journals.plos.org/plosone/article?id=10.1371/journal.pone.0010695
DGE_36,Inflammation,,,,,,SFA and MUFA associated gene expression,Diet induced gene expression,,DE genes expressed in Overweight,Diet intake: High-fat,DE genes expressed in High-fat diets,,,DEGs due to MUFA diet and SFA diet,https://academic.oup.com/ajcn/article/90/6/1656/4598127
DGE_37,Inflammation,Atherogenic pathways,,,,,,Diet induced gene expression,,DE genes expressed in Healthy,Diet intake: Fish oil,Diet intake vs Control,,,DEGs due to supplementation with eicosapentaenoic acid + docosahexaenoic acid,https://academic.oup.com/ajcn/article/90/2/415/4597009
DGE_38,Prostrate cancer,Prostrate epithelium,,,,,,Diet induced gene expression,,,"Diet intake: Low-fat, low-glycemic load",Diet intake vs Control,,,"DEGs due to Low-Fat, Low-Glycemic Load Diet",https://cebp.aacrjournals.org/content/16/10/2150
DGE_39,Iron deficiency,Apoptosis,,,,,Iron and HRI deficiences induced gene expression,,,,,,Diet induced gene expression in Mice,,DEGs due to iron and HRI deficiences,https://www.ncbi.nlm.nih.gov/pmc/articles/PMC5072281/
DGE_40,Metabolism,Macrophages,Inflammation,,,,Energy restriction associated gene expression,,,DE genes expressed in Obese,Diet intake: Dietary energy restriction,,,,Differential gene expression due to energy restriction,https://www.ncbi.nlm.nih.gov/pmc/articles/PMC2699855/
DGE_41,Immune response,Intestinal epithelium,,,,,Probiotics induced gene expression,Diet induced gene expression,,,Diet intake: Probiotics,Diet intake vs Control,Diet induced gene expression in Mice,,DEGs in cecal epithelium due to consumption of probiotics,https://journals.plos.org/plosbiology/article?id=10.1371/journal.pbio.0040413
DGE_42,Protein catabolism,Musle contraction,Apoptosis,Cell growth,,,,Weight associated gene expression,,DE genes expressed in Healthy,Diet intake: Levels of protein,,,,DEGs due to inadequate protein intake in younger and older males,https://www.ncbi.nlm.nih.gov/pmc/articles/PMC2891367/
DGE_43,Slow/Oxidative fiber markers,Glucose metabolism,Ubiquitin mediated proteolysis,,,,Weight associated gene expression,,,DE genes expressed in Obese,Diet intake: Low calorie diet,Before vs After diet intake,,,DEGs due to weight loss lateralis muscle,https://academic.oup.com/ajcn/article/88/1/125/4648809
DGE_44,Tumorigenesis,Protein Metabolism,Intracellular protein traffic,Protein phosphorylation,,,,Weight associated gene expression,,,,,,,DEGs due to pre- and post- diet/lifestyle intervention in normal prostate,https://www.ncbi.nlm.nih.gov/pmc/articles/PMC2430265/
DGE_45,Inflammation,DNA damage,,,,,Olive oil induced gene expression,Diet induced gene expression,,DE genes expressed in Healthy,Diet intake: Olive oil ,Diet intake vs Control,,,DEGs after olive oil ingestion,https://fb.cuni.cz/Data/files/folia_biologica/volume_55_2009_3/fb2009A0014.pdf
DGE_46,Chemotaxis,Cell-adhesion,Cell infiltration,Cytoskeletal function,,,,Diet induced gene expression,,DE genes expressed in Non-obese,Diet intake: monomeric and oligomeric flavanols,,,,DEGS after consumption of monomeric and oligomeric flavanols,https://journals.plos.org/plosone/article?id=10.1371/journal.pone.0095527
DGE_47,Insulin resistance,Fat-cell differentiation,,,,,,Diet induced gene expression,,DE genes expressed in Normal-weight,Diet intake: High-fat,DE genes expressed in High-fat diets,,,DEGs due to consumption of saturated and polyunsaturated fatty acids,https://diabetes.diabetesjournals.org/content/63/7/2356
DGE_48,Oxidative stress,Inflammation,,,,,High-fat Diet induced gene expression,Diet induced gene expression,,,Drug/Diet intake: Resveratrol ,,Diet induced gene expression in Monkey,,DEGs in High fat and sucrose diet was reversed upon resveratrol supplementation. ,https://www.sciencedirect.com/science/article/pii/S1550413114002083?via%3Dihub
DGE_49,Alzheimers disease,Cell signaling,,,,,,Diet induced gene expression,,DE genes expressed in Normal-weight,,,,,DEGs in WBCs after citrus pecitn intake,https://journals.plos.org/plosone/article?id=10.1371/journal.pone.0102837
DGE_50,Atherosclerosis,Hypertension,Cardiovascular disease,,,,,Diet induced gene expression,,,Diet intake: mediterranean diet,,,,DEGs coorelated between cardiovascular risk and mediterranean diet,https://academic.oup.com/ajcn/article/98/3/845/4577262
DGE_51,Oxidative stress,Mitochondrial genes,Inflammation,,,,,Diet induced gene expression,,"DE genes expressed in Obese, Overweight",Drug/Diet intake: Grape Polyphenols,Drug (Grape Polyphenols) vs Placebo,,,DEGs in reposne to polyphenols/placebo between the 2 groups,https://www.ncbi.nlm.nih.gov/pmc/articles/PMC3661802/
DGE_52,Weight loss,Obesity,Cancer,,,,Weight associated gene expression,,,"DE genes expressed in Obese, Overweight","Diet intake: Low calorie diet, exercise",Before vs After diet intake,,,Change in adipose tissue gene expression by weight change category(all women combined),https://cancerpreventionresearch.aacrjournals.org/content/6/3/217
DGE_53,Inflammation,Immune response,Leptin resistance,Weight loss,,,Weight associated gene expression,,,DE genes expressed in Obese,Diet intake: Dietary energy restriction,Before vs After diet intake,,,PBMC genes from obese boys repressed or overexpressed in the LR group compared with the HR group at baseline ,https://www.cambridge.org/core/journals/british-journal-of-nutrition/article/peripheral-blood-mononuclear-cell-gene-expression-profile-in-obese-boys-who-followed-a-moderate-energyrestricted-diet-differences-between-high-and-low-responders-at-baseline-and-after-the-intervention/B2074B03666AE315B1F3D0BA7054A3BF
DGE_54,Insulin resistance,Metabolism,Inflammation,,,,,Diet induced gene expression,,,Drug/Diet intake: Amorfrutins,Drug (Amorfrutins) vs Control,Diet induced gene expression in Mice,,DEGs due to amorfrutins,https://www.semanticscholar.org/paper/Amorfrutins-are-potent-antidiabetic-dietary-natural-Weidner-Groot/263eeecab6a07a0cd12c2636656651f4eda6ff3b
DGE_55,Inflammation,Signal Transduction,Macrophages,Monocytes,,,,Diet induced gene expression,,DE genes expressed in Overweight,Diet intake: Billberry,Diet intake vs Control,,,DEGs due to bilberry,https://onlinelibrary.wiley.com/doi/full/10.1002/mnfr.201200195
DGE_56,Oxidative phosphorylation,Plasma connective tissue growth factor,B-cell receptor signaling,Endocytosis signaling,Inflammation,,,Diet induced gene expression,,DE genes expressed in Overweight,Diet intake: High-fat,DE genes expressed in High-fat diets,,,DEGs due to saturated and monounsaturated FA and mediterranean diet,https://academic.oup.com/jn/article/142/7/1219/4630786
DGE_57,Inflammation,,,,,,Weight associated gene expression,,,DE genes expressed in Obese,Diet intake: Low calorie diet,Before vs After diet intake,,,DEGs due to weight loss and weight maintenance,https://academic.oup.com/ajcn/article/96/1/196/4571426
DGE_58,Immune response,Inflammation,,,,,,Diet induced gene expression,,,,,,,DEGs due to ZnD/Baseline,https://www.pnas.org/content/108/52/20970
DGE_59,High-fat Diet induced gene expression,Obesity,Colorectal cancer,Estrogen,Sex difference,Cell proliferation,Macrophage infiltration,Diet induced gene expression,,,Diet intake: High-fat,Diet intake vs Control,Diet induced gene expression in Mice,,"High-fat diet exposure, regardless of induction of obesity, is associated with altered expression of genes critical to normal ovulatory function",https://www.nature.com/articles/s41598-020-73166-1#Sec21
DGE_60,Gene expression induced due to fasting,Adipose tissue,Metabolic pathways,,,,,Diet induced gene expression,,,Diet intake: Fasting,,"Human, Mouse",,Transcriptomic signature of fasting in human adipose tissue,https://journals.physiology.org/doi/full/10.1152/physiolgenomics.00083.2020?rfr_dat=cr_pub++0pubmed&url_ver=Z39.88-2003&rfr_id=ori%3Arid%3Acrossref.org
DGE_61,Obesity,Breast cancer,Tumor microenvironment,High-fat Diet induced gene expression,Mammary glands,,,Diet induced gene expression,,,,,Diet induced gene expression in Mice,,Single-Cell RNA-seq Reveals Obesity-Induced Alterations in the Brca1-Mutated Mammary Gland Microenvironment,https://www.mdpi.com/2072-6694/12/8/2235/htm
DGE_62,High-fat Diet induced gene expression,Mammary gland,c‐Myc phosphorylation,Breast cancer,,,,Diet induced gene expression,,,Diet intake: High-fat,Diet intake vs Control,Diet induced gene expression in Mice,,Peripubertal high‐fat diet promotes c‐Myc stabilization in mammary gland epithelium,https://onlinelibrary.wiley.com/doi/full/10.1111/cas.14492
DGE_63,Type 2 Diabetes,Liver cell gene expression,Sex difference,High-fat diet,Glucose tolerance,Glucose metabolism,,Diet induced gene expression,,,Diet intake: High-fat,,Diet induced gene expression in Mice,,Hepatic gene expression variations in response to high-fat diet-induced impaired glucose tolerance using RNAseq analysis in collaborative cross mouse population,https://link.springer.com/article/10.1007/s00335-019-09816-1
DGE_64,High-fat Diet induced gene expression,Depression,PKA signaling,Obesity,,,,Diet induced gene expression,,,Diet intake: High-fat,Diet intake vs Control,Diet induced gene expression in Mice,,A high-fat diet promotes depression-like behavior in mice by suppressing hypothalamic PKA signaling,https://www.nature.com/articles/s41398-019-0470-1#Sec2
DGE_65,Ketogenic diet,Ganglioside synthesis,Central nervous system,,,,,Diet induced gene expression,,,Diet intake: Low carbohydrate ketogenic diet,,Diet induced gene expression in Mice,,A low-carbohydrate ketogenic diet promotes ganglioside synthesis via the transcriptional regulation of ganglioside metabolism-related genes,https://www.nature.com/articles/s41598-019-43952-7#Sec13
DGE_66,High-fat Diet induced gene expression,Estrous cycle,Depletion of the ovarian reserve,Ovarian function,,,,Diet induced gene expression,,,Diet intake: High-fat,Diet intake vs Control,Diet induced gene expression in Mice,,"High-fat diet exposure, regardless of induction of obesity, is associated with altered expression of genes critical to normal ovulatory function",https://www.sciencedirect.com/science/article/abs/pii/S0303720717305531?via%3Dihub
DGE_67,High-fat Diet induced gene expression,Liver cells,Obesity,,,,,Diet induced gene expression,,,"Diet intake: High-fat, Low-fat",Hight-fat vs Low-fat,Diet induced gene expression in Mice,,A high-fat diet alters genome-wide DNA methylation and gene expression in SM/J mice,https://bmcgenomics.biomedcentral.com/articles/10.1186/s12864-018-5327-0#Sec14
DGE_68,Airway smooth muscle,Vitamin A,Retinoic acid,airway smooth muscle homeostasis,,,,Diet induced gene expression,,,Retonoic acid signalling ,,,,Retinoic acid signaling is essential for airway smooth muscle homeostasis,https://insight.jci.org/articles/view/120398
DGE_69,Calorie restriction,"low-protein, high-carbohydrate diet",Sex difference,Brain aging,,,,Diet induced gene expression,,,"Diet intake: Low protein diet, High calorie diet",Diet intake vs Control,Diet induced gene expression in Mice,,Comparing the Effects of Low-Protein and High-Carbohydrate Diets and Caloric Restriction on Brain Aging in Mice,https://www.cell.com/cell-reports/fulltext/S2211-1247(18)31674-7?_returnURL=https%3A%2F%2Flinkinghub.elsevier.com%2Fretrieve%2Fpii%2FS2211124718316747%3Fshowall%3Dtrue#secsectitle0035
DGE_70,High-Protein and Low-Protein Diets,Maternal diet,Hypothalamus,Liver cells,Sex difference,,,Diet induced gene expression,,,Diet intake: Levels of protein,High-protein vs Low-protein,Diet induced gene expression in Mice,,Maternal High-Protein and Low-Protein Diets Perturb Hypothalamus and Liver Transcriptome and Metabolic Homeostasis in Adult Mouse Offspring,https://www.frontiersin.org/articles/10.3389/fgene.2018.00642/full#h9
DGE_71,Gluten challenge,Duodenal biopsies,Celiac disease,Immune response,,,,Diet induced gene expression,,DE genes expressed in Celiac disease patient,Diet intake: Gluten free diet,Diet intake vs Control,,,Genome-Wide Transcriptomic Analysis of Intestinal Mucosa in Celiac Disease Patients on a Gluten-Free Diet and Post gluten Challenge,https://www.clinicalkey.com/#!/content/playContent/1-s2.0-S2352345X20301168?returnurl=https:%2F%2Flinkinghub.elsevier.com%2Fretrieve%2Fpii%2FS2352345X20301168%3Fshowall%3Dtrue&referrer=https:%2F%2Fpubmed.ncbi.nlm.nih.gov%2F
IGE_1,Apoptosis,Transcription regulation,Cell cycle,TGF signaling,Tolerance,Lm-gp61 infection,,Infection induced gene expression in mice,,Infection type: Acute,,,,,DEGs due to  Lm-gp61 infection,https://www.sciencedirect.com/science/article/pii/S1074761308001106?via%3Dihub
IGE_2,"T cell survival, growth and expansion",Oxidative stress,Anti-apoptotic,,Viral infection,LCMV infection,,Infection induced gene expression in mice,,Infection type: Acute,,,,,DEGs due to LCMV infection,https://www.sciencedirect.com/science/article/pii/S1074761308001106?via%3Dihub
IGE_3,Dendritic cells,HIV-1 p17 matrix protein,Protein synthesis,,Viral infection,HIV-1 infection,,Infection induced gene expression,,,,,,,Genes up-regulated in plasmacytoid dendritic cells on its activation by HIV-1 infection,https://www.ncbi.nlm.nih.gov/pmc/articles/PMC2268771/
IGE_4,Anti-apoptotic,Cell proliferation induction,Dendritic cells,,Viral infection,HIV-1 infection,,Infection induced gene expression,,Infection type: Chronic,,,,,Genes down-regulated in plasmacytoid dendritic cells on its activation by HIV-1 infection,https://www.ncbi.nlm.nih.gov/pmc/articles/PMC2268771/
IGE_5,Paramyxoviral infection,Stat 1,Viral responses,,Viral infection,Sendai virus,UV Exposure,Infection induced gene expression in mice,,Infection type: Acute,,,,,Up-regulation of gene expression in tracheal epithelial cells infected with UV inactivated versus intact Sendai virus,https://www.jimmunol.org/content/180/5/3319
IGE_6,Airway epithelium,Innate Immunity,Viral responses,,Viral infection,Sendai virus,UV Exposure,Infection induced gene expression in mice,,Infection type: Acute,,,,,Down-regulation of gene expression in tracheal epithelial cells infected with UV inactivated versus intact Sendai virus,https://www.jimmunol.org/content/180/5/3319
IGE_7,CD4+ T cell,Apoptosis,G0 arrest,Tat-dependent activation,,HIV-1 infection,Viral infection,Infection induced gene expression,,Infection type: Chronic,,,,,"Genes up-regulated in CD4 T cells infected with Env/Nef deficient HIV-1 viruses versus those infected with HIV-1 viruses lacking Env, Nef and Vpr",https://www.jimmunol.org/content/181/12/8460
IGE_8,CD4+ T cell,Apoptosis,G0 arrest,Tat-dependent activation,,HIV-1 infection,Viral infection,Infection induced gene expression,,Infection type: Chronic,,,,,"Genes down-regulated in CD4 T cells infected with Env/Nef deficient HIV-1 viruses versus those infected with HIV-1 viruses lacking Env, Nef and Vpr",https://www.jimmunol.org/content/181/12/8461
IGE_9,CD4+ T cell,Apoptosis,G0 arrest,Tat-dependent activation,,HIV-1 infection,Viral infection,Infection induced gene expression,,Infection type: Chronic,,,,,"Genes up-regulated in control CD4 [GeneID=920] T cells versus those infected with HIV-1 viruses lacking Env, Vpr and Nef",https://www.jimmunol.org/content/181/12/8462
IGE_10,CD4+ T cell,Apoptosis,G0 arrest,Tat-dependent activation,,HIV-1 infection,Viral infection,Infection induced gene expression,,Infection type: Chronic,,,,,"Genes down-regulated in control CD4 [GeneID=920] T cells versus those infected with HIV-1 viruses lacking Env, Vpr and Nef",https://www.jimmunol.org/content/181/12/8463
IGE_11,CD4+ T cell,Apoptosis,G0 arrest,Tat-dependent activation,,HIV-1 infection,Viral infection,Infection induced gene expression,,Infection type: Chronic,,,,,Genes up-regulated in control CD4 [GeneID=920] T cells versus those infected with HIV-1 viruses lacking Env and Nef,https://www.jimmunol.org/content/181/12/8464
IGE_12,CD4+ T cell,Apoptosis,G0 arrest,Tat-dependent activation,,HIV-1 infection,Viral infection,Infection induced gene expression,,Infection type: Chronic,,,,,Genes down-regulated in control CD4 [GeneID=920] T cells versus those infected with HIV-1 viruses lacking Env and Nef,https://www.jimmunol.org/content/181/12/8465
IGE_13,Regulatory T cells,Immunopathology,Helminth Infection,,,,,Infection induced gene expression in mice,,Infection type: Chronic,,,,,Genes up-regulated in comparison of regulatory T cell (Treg) from mice infected with S. mansoni versus T effector cells from the infected mice.,https://www.jimmunol.org/content/184/2/713
IGE_14,Regulatory T cells,Immunopathology,Helminth Infection,,,,,Infection induced gene expression in mice,,Infection type: Chronic,,,,,Genes down-regulated in comparison of regulatory T cell (Treg) from mice infected with S. mansoni versus T effector cells from the infected mice.,https://www.jimmunol.org/content/184/2/714
IGE_15,T effector cells,Helminth infection,,,,,,Infection induced gene expression in mice,,Infection type: Chronic,,,,,Genes up-regulated in comparison of T effector cells from uninfected mice versus T effector cells from mice infected with S. mansoni,https://www.jimmunol.org/content/184/2/715
IGE_16,T effector cells,Helminth infection,,,,,,Infection induced gene expression in mice,,Infection type: Chronic,,,,,Genes down-regulated in comparison of T effector cells from uninfected mice versus T effector cells from mice infected with S. mansoni,https://www.jimmunol.org/content/184/2/716
IGE_17,Dendritic cells,Immune reposne,Innate Immunity,Dendritic cell maturation,,Viral infection,Newcastle disease virus,Infection induced gene expression,,,,,,,Genes up-regulated in comparison of control conventional dendritic cells (cDC) versus cDCs infected with Newcastle disease virus (NDV),https://www.jimmunol.org/content/184/6/2908
IGE_18,Dendritic cells,Immune reposne,Innate Immunity,Dendritic cell maturation,,Viral infection,Newcastle disease virus,Infection induced gene expression,,,,,,,Genes down-regulated in comparison of control conventional dendritic cells (cDC) versus cDCs infected with Newcastle disease virus (NDV),https://www.jimmunol.org/content/184/6/2909
IGE_19,Interferons,Host susceptibility,Macrophage activation,Dendritic cells,Inflammatory diseases,,Bacterial infection,Infection induced gene expression in mice,,,,,,,Genes up-regulated in bone marrow-derived macrophages: control versus Listeria infected,https://rupress.org/jem/article/207/2/327/40867/Induction-of-IFN-enables-Listeria-monocytogenes-to
IGE_20,Interferons,Host susceptibility,Macrophage activation,Dendritic cells,Inflammatory diseases,,Bacterial infection,Infection induced gene expression in mice,,,,,,,Genes down-regulated in bone marrow-derived macrophages: control versus Listeria infected,https://rupress.org/jem/article/207/2/327/40867/Induction-of-IFN-enables-Listeria-monocytogenes-to
IGE_21,Monocytes,Hematogenous dissemination of virus,Apoptosis,Epidermal growth factor receptor/PI3K signaling pathway,HCMV infection,Viral infection,,Infection induced gene expression,,Infection type: Chronic,,,,,Genes up-regulated in monocytes pre-treated with Ly294002 [PubChem=3973]: control versus HCMV infection,https://www.jimmunol.org/content/184/6/3213
IGE_22,Monocytes,Hematogenous dissemination of virus,Apoptosis,Epidermal growth factor receptor/PI3K signaling pathway,Viral infection,,,Infection induced gene expression,,Infection type: Chronic,,,,,Genes down-regulated in monocytes pre-treated with Ly294002 [PubChem=3973]: control versus HCMV infection,https://www.jimmunol.org/content/184/6/3214
IGE_23,Monocytes,Hematogenous dissemination of virus,Apoptosis,Epidermal growth factor receptor/PI3K signaling pathway,Viral infection,,,Infection induced gene expression,,Infection type: Chronic,,,,,Genes up-regulated in monocytes: control versus HCMV infection,https://www.jimmunol.org/content/184/6/3215
IGE_24,Monocytes,Hematogenous dissemination of virus,Apoptosis,Epidermal growth factor receptor/PI3K signaling pathway,Viral infection,,,Infection induced gene expression,,Infection type: Chronic,,,,,Genes down-regulated in monocytes: control versus HCMV infection,https://www.jimmunol.org/content/184/6/3216
IGE_25,Monocytes,Hematogenous dissemination of virus,Apoptosis,Epidermal growth factor receptor/PI3K signaling pathway,Viral infection,,,Infection induced gene expression,,Infection type: Chronic,,,,,Genes up-regulated in monocytes after HCMV infection: untreated versus pre-treated with Ly294002 ,https://www.jimmunol.org/content/184/6/3217
IGE_26,Monocytes,Hematogenous dissemination of virus,Apoptosis,Epidermal growth factor receptor/PI3K signaling pathway,Viral infection,,,Infection induced gene expression,,Infection type: Chronic,,,,,Genes down-regulated in monocytes after HCMV infection: untreated versus pre-treated with Ly294002 ,https://www.jimmunol.org/content/184/6/3218
IGE_27,Polymorphonuclear leukocytes,Anaplasma phagocytophilum,Granulocytic anaplasmosis,,Reactive oxygen species,Apoptosis,,Infection induced gene expression,,Infection type: Acute,,,,,Genes up-regulated in polymorphonuclear leukocytes: control versus infection by A. phagocytophilum,https://www.jimmunol.org/content/174/10/6364
IGE_28,Polymorphonuclear leukocytes,Anaplasma phagocytophilum,Granulocytic anaplasmosis,,Reactive oxygen species,Apoptosis,,Infection induced gene expression,,Infection type: Acute,,,,,Genes down-regulated in polymorphonuclear leukocytes: control versus infection by A. phagocytophilum,https://www.jimmunol.org/content/174/10/6365
IGE_29,Polymorphonuclear leukocytes,Anaplasma phagocytophilum,Granulocytic anaplasmosis,,Reactive oxygen species,Apoptosis,,Infection induced gene expression,,Infection type: Acute,,,,,Genes up-regulated in polymorphonuclear leukocytes: treated by heat killed HC60 cell (promyelocytic leukemia) lysate versus A. phagocytophilum infection,https://www.jimmunol.org/content/174/10/6366
IGE_30,Polymorphonuclear leukocytes,Anaplasma phagocytophilum,Granulocytic anaplasmosis,,Reactive oxygen species,Apoptosis,,Infection induced gene expression,,Infection type: Acute,,,,,Genes down-regulated in polymorphonuclear leukocytes: treated by heat killed HC60 cell (promyelocytic leukemia) lysate versus A. phagocytophilum infection,https://www.jimmunol.org/content/174/10/6367
IGE_31,Polymorphonuclear leukocytes,Anaplasma phagocytophilum,Granulocytic anaplasmosis,,Reactive oxygen species,Apoptosis,,Infection induced gene expression,,Infection type: Acute,,,,,Genes up-regulated in polymorphonuclear leukocytes infection by A. phagocytophilum: heat killed versus live bacteria,https://www.jimmunol.org/content/174/10/6368
IGE_32,Polymorphonuclear leukocytes,Anaplasma phagocytophilum,Granulocytic anaplasmosis,,Reactive oxygen species,Apoptosis,,Infection induced gene expression,,Infection type: Acute,,,,,Genes down-regulated in polymorphonuclear leukocytes infection by A. phagocytophilum: heat killed versus live bacteria,https://www.jimmunol.org/content/174/10/6369
IGE_33,Polymorphonuclear leukocytes,Anaplasma phagocytophilum,Granulocytic anaplasmosis,,Reactive oxygen species,Apoptosis,,Infection induced gene expression,,Infection type: Acute,,,,,Genes up-regulated in polymorphonuclear leukocytes after infection by: S. aureus versus A. phagocytophilum,https://www.jimmunol.org/content/174/10/6370
IGE_34,Polymorphonuclear leukocytes,Anaplasma phagocytophilum,Granulocytic anaplasmosis,,Reactive oxygen species,Apoptosis,,Infection induced gene expression in mice,,Infection type: Acute,,,,,Genes down-regulated in polymorphonuclear leukocytes after infection by: S. aureus versus A. phagocytophilum,https://www.jimmunol.org/content/174/10/6371
IGE_35,Polymorphonuclear leukocytes,Anaplasma phagocytophilum,Granulocytic anaplasmosis,,Reactive oxygen species,Apoptosis,,Infection induced gene expression in mice,,Infection type: Acute,,,,,Genes up-regulated in polymorphonuclear leukocytes: S. aureus infection versus control,https://www.sciencedirect.com/science/article/pii/S1074761312004633
IGE_36,Polymorphonuclear leukocytes,Anaplasma phagocytophilum,Granulocytic anaplasmosis,,Reactive oxygen species,Apoptosis,,Infection induced gene expression in mice,,Infection type: Acute,,,,,Genes down-regulated in polymorphonuclear leukocytes: S. aureus infection versus control,https://www.sciencedirect.com/science/article/pii/S1074761312004633
IGE_37,HIV infection,SIV infection,Immune response,,,,,Infection induced gene expression in mice,,Infection type: Acute,,,,,Genes up-regulated in splenocytes with viral infection: Baki-1 MuLV versus Sendai,https://www.sciencedirect.com/science/article/pii/S1074761312004633
IGE_38,HIV infection,SIV infection,Immune response,,,,,Infection induced gene expression in mice,,Infection type: Acute,,,,,Genes down-regulated in splenocytes with viral infection: Baki-1 MuLV versus Sendai,https://www.sciencedirect.com/science/article/pii/S1074761312004633
IGE_39,HIV infection,SIV infection,Immune response,,,,,Infection induced gene expression in mice,,Infection type: Acute,,,,,Genes up-regulated in splenocytes: control versus infected with Baki-1 MuLV virus,https://www.sciencedirect.com/science/article/pii/S1074761312004633
IGE_40,HIV infection,SIV infection,Immune response,,,,,Infection induced gene expression in mice,,Infection type: Acute,,,,,Genes down-regulated in splenocytes: control versus infected with Baki-1 MuLV virus,https://www.sciencedirect.com/science/article/pii/S1074761312004633
IGE_41,HIV infection,SIV infection,Immune response,,,,,Infection induced gene expression,,Infection type: Acute,,,,,Genes up-regulated in splenocytes: control versus infected with Sendai virus,https://www.ncbi.nlm.nih.gov/pmc/articles/PMC4052223/
IGE_42,HIV infection,SIV infection,Immune response,,,,,Infection induced gene expression,,Infection type: Acute,,,,,Genes down-regulated in splenocytes: control versus infected with Sendai virus,https://www.ncbi.nlm.nih.gov/pmc/articles/PMC4052223/
IGE_43,Dendritic cells,IL-12,Th1-mediated response,Parasite killing,Immune response,Interferons,,Infection induced gene expression,,,,,,,Genes up-regulated in dendritic cells infected by Leishmania major: 2h versus 24h,https://www.ncbi.nlm.nih.gov/pmc/articles/PMC4052223/
IGE_44,Dendritic cells,IL-12,Th1-mediated response,Parasite killing,Immune response,Interferons,,Infection induced gene expression,,,,,,,Genes down-regulated in dendritic cells infected by Leishmania major: 2h versus 24h,https://www.ncbi.nlm.nih.gov/pmc/articles/PMC4052223/
IGE_45,Dendritic cells,IL-12,Th1-mediated response,Parasite killing,Immune response,Interferons,,Infection induced gene expression,,,,,,,Genes up-regulated in dendritic cells: untreated versus after infection of Leishmania major,https://www.ncbi.nlm.nih.gov/pmc/articles/PMC1801073/
IGE_46,Dendritic cells,IL-12,Th1-mediated response,Parasite killing,Immune response,Interferons,,Infection induced gene expression,,,,,,,Genes down-regulated in dendritic cells: untreated versus after infection of Leishmania major,https://www.ncbi.nlm.nih.gov/pmc/articles/PMC1801073/
IGE_47,Immune response,Blood immune cells,PBMCs,Influenza A Infection,E. coli infection,Staphylococcus aureus infection,Streptococcus pneumoniae infection,Infection induced gene expression,,Infection type: Acute,,,,,Genes up-regulated in comparison of peripheral blood mononuclear cells (PBMC) from patients with acute E. coli infection versus PBMC from patients with acute S. aureus infection,https://www.ncbi.nlm.nih.gov/pmc/articles/PMC1801073/
IGE_48,Immune response,Blood immune cells,PBMCs,Influenza A Infection,E. coli infection,Staphylococcus aureus infection,Streptococcus pneumoniae infection,Infection induced gene expression,,Infection type: Acute,,,,,Genes down-regulated in comparison of peripheral blood mononuclear cells (PBMC) from patients with acute E. coli infection versus PBMC from patients with acute S. aureus infection,https://www.ncbi.nlm.nih.gov/pmc/articles/PMC1801073/
IGE_49,Immune response,Blood immune cells,PBMCs,Influenza A Infection,E. coli infection,Staphylococcus aureus infection,Streptococcus pneumoniae infection,Infection induced gene expression,,Infection type: Acute,,,,,Genes up-regulated in comparison of peripheral blood mononuclear cells (PBMC) from patients with acute E. coli infection versus PBMC from patients with acute S. pneumoniae infection,https://www.ncbi.nlm.nih.gov/pmc/articles/PMC1801073/
IGE_50,Immune response,Blood immune cells,PBMCs,Influenza A Infection,E. coli infection,Staphylococcus aureus infection,Streptococcus pneumoniae infection,Infection induced gene expression,,Infection type: Acute,,,,,Genes down-regulated in comparison of peripheral blood mononuclear cells (PBMC) from patients with acute E. coli infection versus PBMC from patients with acute S. pneumoniae infection,https://www.ncbi.nlm.nih.gov/pmc/articles/PMC1801073/
IGE_51,Immune response,Blood immune cells,PBMCs,Influenza A Infection,E. coli infection,Staphylococcus aureus infection,Streptococcus pneumoniae infection,Infection induced gene expression,,Infection type: Acute,,,,,Genes up-regulated in comparison of peripheral blood mononuclear cells (PBMC) from patients with acute influenza infection versus PBMC from patients with acute E. coli infection,https://www.ncbi.nlm.nih.gov/pmc/articles/PMC1801073/
IGE_52,Immune response,Blood immune cells,PBMCs,Influenza A Infection,E. coli infection,Staphylococcus aureus infection,Streptococcus pneumoniae infection,Infection induced gene expression,,Infection type: Acute,,,,,Genes down-regulated in comparison of peripheral blood mononuclear cells (PBMC) from patients with acute influenza infection versus PBMC from patients with acute E. coli infection,https://www.ncbi.nlm.nih.gov/pmc/articles/PMC1801073/
IGE_53,Immune response,Blood immune cells,PBMCs,Influenza A Infection,E. coli infection,Staphylococcus aureus infection,Streptococcus pneumoniae infection,Infection induced gene expression,,Infection type: Acute,,,,,Genes up-regulated in comparison of peripheral blood mononuclear cells (PBMC) from healthy donors versus PBMC from patients with acute S. aureus infection,https://www.ncbi.nlm.nih.gov/pmc/articles/PMC1801073/
IGE_54,Immune response,Blood immune cells,PBMCs,Influenza A Infection,E. coli infection,Staphylococcus aureus infection,Streptococcus pneumoniae infection,Infection induced gene expression,,Infection type: Acute,,,,,Genes down-regulated in comparison of peripheral blood mononuclear cells (PBMC) from healthy donors versus PBMC from patients with acute S. aureus infection,https://www.ncbi.nlm.nih.gov/pmc/articles/PMC1801073/
IGE_55,Immune response,Blood immune cells,PBMCs,Influenza A Infection,E. coli infection,Staphylococcus aureus infection,Streptococcus pneumoniae infection,Infection induced gene expression,,Infection type: Acute,,,,,Genes up-regulated in comparison of peripheral blood mononuclear cells (PBMC) from patients with acute influenza infection versus PBMC from patients with acute S. pneumoniae infection,https://www.ncbi.nlm.nih.gov/pmc/articles/PMC1801073/
IGE_56,Immune response,Blood immune cells,PBMCs,Influenza A Infection,E. coli infection,Staphylococcus aureus infection,Streptococcus pneumoniae infection,Infection induced gene expression,,Infection type: Acute,,,,,Genes down-regulated in comparison of peripheral blood mononuclear cells (PBMC) from patients with acute influenza infection versus PBMC from patients with acute S. pneumoniae infection,https://www.ncbi.nlm.nih.gov/pmc/articles/PMC1801073/
IGE_57,Immune response,Blood immune cells,PBMCs,Influenza A Infection,E. coli infection,Staphylococcus aureus infection,Streptococcus pneumoniae infection,Infection induced gene expression,,Infection type: Acute,,,,,Genes up-regulated in comparison of peripheral blood mononuclear cells (PBMC) from healthy donors versus PBMC from patients with acute E. coli infection,https://www.ncbi.nlm.nih.gov/pmc/articles/PMC1801073/
IGE_58,Immune response,Blood immune cells,PBMCs,Influenza A Infection,E. coli infection,Staphylococcus aureus infection,Streptococcus pneumoniae infection,Infection induced gene expression,,Infection type: Acute,,,,,Genes down-regulated in comparison of peripheral blood mononuclear cells (PBMC) from healthy donors versus PBMC from patients with acute E. coli infection,https://www.ncbi.nlm.nih.gov/pmc/articles/PMC1801073/
IGE_59,Immune response,Blood immune cells,PBMCs,Influenza A Infection,E. coli infection,Staphylococcus aureus infection,Streptococcus pneumoniae infection,Infection induced gene expression,,Infection type: Acute,,,,,Genes up-regulated in comparison of peripheral blood mononuclear cells (PBMC) from healthy donors versus PBMC from patients with acute influenza infection,https://www.ncbi.nlm.nih.gov/pmc/articles/PMC1801073/
IGE_60,Immune response,Blood immune cells,PBMCs,Influenza A Infection,E. coli infection,Staphylococcus aureus infection,Streptococcus pneumoniae infection,Infection induced gene expression,,Infection type: Acute,,,,,Genes down-regulated in comparison of peripheral blood mononuclear cells (PBMC) from healthy donors versus PBMC from patients with acute influenza infection,https://www.ncbi.nlm.nih.gov/pmc/articles/PMC1801073/
IGE_61,Immune response,Blood immune cells,PBMCs,Influenza A Infection,E. coli infection,Staphylococcus aureus infection,Streptococcus pneumoniae infection,Infection induced gene expression,,Infection type: Acute,,,,,Genes up-regulated in comparison of peripheral blood mononuclear cells (PBMC) from patients with acute influenza infection versus PBMC from patients with acute S. aureus infection,https://www.ncbi.nlm.nih.gov/pmc/articles/PMC1801073/
IGE_62,Immune response,Blood immune cells,PBMCs,Influenza A Infection,E. coli infection,Staphylococcus aureus infection,Streptococcus pneumoniae infection,Infection induced gene expression,,Infection type: Acute,,,,,Genes down-regulated in comparison of peripheral blood mononuclear cells (PBMC) from patients with acute influenza infection versus PBMC from patients with acute S. aureus infection,https://www.ncbi.nlm.nih.gov/pmc/articles/PMC1801073/
IGE_63,Immune response,Blood immune cells,PBMCs,Influenza A Infection,E. coli infection,Staphylococcus aureus infection,Streptococcus pneumoniae infection,Infection induced gene expression,,Infection type: Acute,,,,,Genes up-regulated in comparison of peripheral blood mononuclear cells (PBMC) from healthy donors versus PBMC from patients with acute S. pneumoniae infection,https://www.ncbi.nlm.nih.gov/pmc/articles/PMC1801073/
IGE_64,Immune response,Blood immune cells,PBMCs,Influenza A Infection,E. coli infection,Staphylococcus aureus infection,Streptococcus pneumoniae infection,Infection induced gene expression,,Infection type: Acute,,,,,Genes down-regulated in comparison of peripheral blood mononuclear cells (PBMC) from healthy donors versus PBMC from patients with acute S. pneumoniae infection,https://www.ncbi.nlm.nih.gov/pmc/articles/PMC1801073/
IGE_65,Immune response,Blood immune cells,PBMCs,Influenza A Infection,E. coli infection,Staphylococcus aureus infection,Streptococcus pneumoniae infection,Infection induced gene expression,,Infection type: Acute,,,,,Genes up-regulated in comparison of peripheral blood mononuclear cells (PBMC) from patients with acute infection: S. aureus versus S. pneumoniae,https://www.jimmunol.org/content/181/7/4976
IGE_66,Immune response,Blood immune cells,PBMCs,Influenza A Infection,E. coli infection,Staphylococcus aureus infection,Streptococcus pneumoniae infection,Infection induced gene expression,,Infection type: Acute,,,,,Genes down-regulated in comparison of peripheral blood mononuclear cells (PBMC) from patients with acute infection: S. aureus versus S. pneumoniae,https://www.jimmunol.org/content/181/7/4977
IGE_67,Dendritic cells,Macrophages,Pathogen sensing,Antimicrobial defense,Supression of T cell activation,Enhanced bactericidal activity,Inhibition of granuloma destruction,Infection induced gene expression,,Infection type: Chronic,,,,,Genes up-regulated in dendritic cells: immature versus mature inhibitory infected with L. monocytogenes,https://www.jimmunol.org/content/181/7/4978
IGE_68,Dendritic cells,Macrophages,Pathogen sensing,Antimicrobial defense,Supression of T cell activation,Enhanced bactericidal activity,Inhibition of granuloma destruction,Infection induced gene expression,,Infection type: Chronic,,,,,Genes down-regulated in dendritic cells: immature versus mature inhibitory infected with L. monocytogenes,https://www.jimmunol.org/content/181/7/4979
IGE_69,Dendritic cells,Macrophages,Pathogen sensing,Antimicrobial defense,Supression of T cell activation,Enhanced bactericidal activity,Inhibition of granuloma destruction,Infection induced gene expression,,Infection type: Chronic,,,,,Genes up-regulated in mature inhibitory dendritic cells: L. monocytogenes infection versus prostaglandin E2,https://www.jimmunol.org/content/181/7/4980
IGE_70,Dendritic cells,Macrophages,Pathogen sensing,Antimicrobial defense,Supression of T cell activation,Enhanced bactericidal activity,Inhibition of granuloma destruction,Infection induced gene expression,,Infection type: Chronic,,,,,Genes down-regulated in mature inhibitory dendritic cells: L. monocytogenes infection versus prostaglandin E2,https://www.jimmunol.org/content/181/7/4981
IGE_71,Dendritic cells,Macrophages,Pathogen sensing,Antimicrobial defense,Supression of T cell activation,Enhanced bactericidal activity,Inhibition of granuloma destruction,Infection induced gene expression,,Infection type: Chronic,,,,,Genes up-regulated in mature dendritic cells: stimulatory versus inhibitory infected with L. monocytogenes,https://www.jimmunol.org/content/186/4/2462
IGE_72,Dendritic cells,Macrophages,Pathogen sensing,Antimicrobial defense,Supression of T cell activation,Enhanced bactericidal activity,Inhibition of granuloma destruction,Infection induced gene expression in mice,,Infection type: Chronic,,,,,Genes down-regulated in mature dendritic cells: stimulatory versus inhibitory infected with L. monocytogenes,https://www.nature.com/articles/ni.2067
IGE_73,Gastric epithelial cells,Toll like receptors,H. pylori LPS,TRIB3,,,,Infection induced gene expression,,Infection type: Chronic,,,,,Genes differentially expressed following H pylori LPS treatment,https://ashpublications.org/blood/article/102/2/672/17421/Unique-gene-expression-profiles-of-human
IGE_74,Antibody titer,Plasmablasts,CaMKIV kinase,Immunogenecity,,,,Infection induced gene expression,,,,,,,Genes differentially expressed following vaccination with trivalent inactivated influenza vaccine,https://www.jimmunol.org/content/181/7/4976
IGE_75,Dendritic cells,Macrophages,Protozoan infection,Bacterial infection,,,,Infection induced gene expression,,,,,,,"Genes differentially expressed following infection by Leishmania spp, M tuberculosis and T gondii",https://www.jimmunol.org/content/178/2/1172
IGE_76,Dendritic cells,Macrophages,CD4+ T cell,,,,,Infection induced gene expression,,,,,,,Differential expression of genes due to Listeria monocytogenes,https://www.ncbi.nlm.nih.gov/pmc/articles/PMC4645643/
IGE_77,Interferons,Chronic inflammation,Endothelium,,,,,Infection induced gene expression,,,,,,,DEGs due to Borrelia burgdorferi ,https://www.ncbi.nlm.nih.gov/pmc/articles/PMC4452922/
IGE_78,Interferons,JAK/STAT signaling,Viral responses,,,,,Infection induced gene expression,,,,,,,DEGs upon sendai virus infection,https://journals.plos.org/plosone/article/figure?id=10.1371/journal.pone.0056308.g006
IGE_79,Central nervous system,Astrocytes,Immune response,Pro-inflammatory response,,,,Infection induced gene expression,,,,,,,DEGs due to influenza virus infection,https://journals.plos.org/plosone/article/comments?id=10.1371/journal.pone.0106418
IGE_80,ecotropic viral integration site 1 (EVI1),Acute myeloid leukemia,Cell cycle,,,,,Infection induced gene expression,,,,,,,DEGs due to ecotropic viral integration site 1 (EVI1),https://journals.plos.org/plosone/article/figure?id=10.1371/journal.pone.0005210.g003
IGE_81,Macrophages,Interferons,Cytokines,Signal Transduction,,,,Infection induced gene expression,,,,,,,DEGs due to Ad-Vpr,https://journals.plos.org/plosone/article?id=10.1371/journal.pone.0083776
IGE_82,Cytoprotective mechanism,Macrophages,Apoptosis,Apoptosis,,,,Infection induced gene expression,,,,,,,DEGs due to S. aureus phagocytosis,https://journals.plos.org/plosone/article?id=10.1371/journal.pone.0069808
IGE_83,PBMCs,Interferons,systemic lupus erythematosus (SLE),Autoimmunity,,,,Infection induced gene expression,,,,,,,DEGs in patients with systemic lupus erythematosus,https://journals.plos.org/plosone/article/figure?id=10.1371/journal.pone.0078912.g002
IGE_84,Central nervous system,Immune response,Interferons,DNA damage,,,,Infection induced gene expression,,,,,,,"DEGs due to Helper-dependent human and canine adenovirus, and VSV-G pseudotyped self-inactivating HIV-1 vectors",https://link.springer.com/article/10.1007/s13365-013-0231-5
IGE_85,Cytokines,Apoptosis,cytoskeletal arrangement pathways,Bronchial epithelial cells,,,,Infection induced gene expression,,,,,,,DEGs due to Influenza A virus infection,https://journals.plos.org/plosone/article?id=10.1371/journal.pone.0089925
IGE_86,Complex seizures,Immune response,mitogen-activated protein kinases,Tcell receptor signaling pathway,,,,Infection induced gene expression,,,,,,,DEGs due to Influenza A(H1N1),https://journals.plos.org/plosone/article?id=10.1371/journal.pone.0019307
IGE_87,M. tuberculosis,,,,,,,Infection induced gene expression,,,,,,,DEGs due to tuberculosis infection,https://www.sciencedirect.com/science/article/abs/pii/S0016508512000261
IGE_88,Erythropoiesis,Hematopoiesis,,,,,,Infection induced gene expression,,,,,,,"DEGs due to P. falciparum, P. berghei and T. gondii infection.",https://www.ncbi.nlm.nih.gov/pmc/articles/PMC3124591/
IGE_89,Interferons,IL-28,Nuclear factor  kB,,,,,Infection induced gene expression,,,,,,,DEGs following HCV infection,https://journals.plos.org/plosntds/article?id=10.1371/journal.pntd.0001359
IGE_90,Protozoan parasite,Anti-apoptotic,Cell growth,,,,,Infection induced gene expression,,,,,,,DEGs following acute E.histolytica colitis,https://journals.plos.org/plosone/article?id=10.1371/journal.pone.0038367
IGE_91,Chemoattraction,HIV infection,Atheroscleorsis,Atherosclerotic cardiovascular disease (ASCVD),Aging,,Infection induced gene expression,,,Infection type: Chronic,,,,,CX3CL1 and IL-15 Promote CD8 T cell chemoattraction in HIV and in atherosclerosis,https://journals.plos.org/plospathogens/article?id=10.1371/journal.ppat.1008885#sec022
IGE_92,Echovirus-30,Blood–Cerebrospinal Fluid Barrier,Polar Infection,,,,Infection induced gene expression,,,,,,,,Polar Infection of Echovirus-30 Causes Differential Barrier Affection and Gene Regulation at the Blood–Cerebrospinal Fluid Barrier,https://www.mdpi.com/1422-0067/21/17/6268/htm#app1-ijms-21-06268
IGE_93,Airway epithelium,Cystic Fibrosis,Rhinovirus infection,Lipid metabolism,Inflammation,,Infection induced gene expression,,,,,,,,Ivacaftor or lumacaftor/ivacaftor treatment does not alter the core CF airway epithelial gene response to rhinovirus,https://www.sciencedirect.com/science/article/pii/S1569199320307967?via%3Dihub#sec0015
IGE_94,Bronchoalveolar epithelium,SARS-COV2,COVID-19,,,,Infection induced gene expression,,,Infection type: Acute,,,,,Single-cell analysis reveals bronchoalveolar epithelial dysfunction in COVID-19 patients,https://link.springer.com/article/10.1007/s13238-020-00752-4#Bib1
IGE_95,Viral response,SARS-COV2,Viral load,,,COVID-19,Infection induced gene expression,,,Infection type: Acute,,,,,"In vivo antiviral host transcriptional response to SARS-CoV-2 by viral load, sex, and age",https://journals.plos.org/plosbiology/article?id=10.1371/journal.pbio.3000849#abstract0
IGE_96,Angiogenesis,Extracellular matrix metabolism,Autosomal-dominant hyper-IgE syndrome,Immunodeficiency,,,Infection induced gene expression,,,,,,,,Impaired angiogenesis and extracellular matrix metabolism in autosomal-dominant hyper-IgE syndrome,https://www.jci.org/articles/view/135490#sd
IGE_97,Lyme disease,Borrelia burgdorferi,Inflammation,Human choroid plexus epithelial cells,Central nervous system,,Infection induced gene expression,,,,,,,,"The Lyme disease bacterium, Borrelia burgdorferi, stimulates an inflammatory response in human choroid plexus epithelial cells",https://journals.plos.org/plosone/article?id=10.1371/journal.pone.0234993#pone.0234993.s001
IGE_98,Plasmodium falciparum,Malaria,Blood monocytes,,,,Infection induced gene expression,,,Infection type: Acute,,,,,Transcriptional profiling and immunophenotyping show sustained activation of blood monocytes in subpatent Plasmodium falciparum infection,https://www.ncbi.nlm.nih.gov/pmc/articles/PMC7302943/#cti21144-sup-0002
IGE_99,Congenital cytomegalovirus infection,Sensorineural hearing loss (SNHL),Infants,,,,Infection induced gene expression,,,Infection type: Chronic,,,,,Blood genome expression profiles in infants with congenital cytomegalovirus infection,https://www.nature.com/articles/s41467-020-17178-5#Sec2
IGE_100,Mycobacterium tuberculosis,Human latent tuberculosis infection (LTBI),Memory CD8 T cells,Mucosal-associated invariant T cells (MAITs),,,Infection induced gene expression,,,,,,,,Quantitative and Qualitative Perturbations of CD8+ MAITs in Healthy Mycobacterium tuberculosis–Infected Individuals,https://www.ncbi.nlm.nih.gov/pmc/articles/PMC7543048/
IGE_101,SARS-COV2,Gut enterocytes,Human small intestinal organoids,Intestinal epithelium,COVID-19,,Infection induced gene expression,,,Infection type: Acute,,,,,SARS-CoV-2 productively infects human gut enterocytes,https://science.sciencemag.org/content/369/6499/50.long
IGE_102,HIV-associated neurocognitive disorders,Human-induced pluripotent stem cell (hiPSC)-based model,Microglia,Neurons,Astrocytes,HIV infection,Infection induced gene expression,,,Infection type: Acute,,,,,Neuroinflammation and EIF2 Signaling Persist despite Antiretroviral Treatment in an hiPSC Tri-culture Model of HIV Infection,https://www.sciencedirect.com/science/article/pii/S2213671120300667?via%3Dihub
IGE_103,Air pollution,Particulate matter,Urban particles,Streptococcus pneumoniae,Biofilm,Human middle ear epithelium cells,Infection induced gene expression,,,,,,,,"Urban Particles Elevated Streptococcus pneumoniae Biofilms, Colonization of the Human Middle Ear Epithelial Cells, Mouse Nasopharynx and Transit to the Middle Ear and Lungs",https://www.nature.com/articles/s41598-020-62846-7#Sec27
IGE_104,Respiratory syncytial virus,Infants,Viral response,,,,Infection induced gene expression,,,,,,,,Immune profiles provide insights into respiratory syncytial virus disease severity in young children,https://stm.sciencemag.org/content/12/540/eaaw0268.short
IGE_105,Monocytes,Mycobacterium tuberculosis,Inflammation,,,,Infection induced gene expression,,,Infection type: Chronic,,,,,Infection of Monocytes From Tuberculosis Patients With Two Virulent Clinical Isolates of Mycobacterium tuberculosis Induces Alterations in Myeloid Effector Functions,https://www.ncbi.nlm.nih.gov/pmc/articles/PMC7190864/#SM2
IGE_106,Zika virus,Mosquito-borne pathogen,Zika virus induced B cell response,Viral response,Zika virus associated B cell response,,Infection induced gene expression,,,Infection type: Acute,,,,,Immune-profiling of ZIKV-infected patients identifies a distinct function of plasmacytoid dendritic cells for immune cross-regulation,https://www.nature.com/articles/s41467-020-16217-5#Sec1
IGE_107,Zika virus,Mosquito-borne pathogen,,Viral response,Zika virus associated CD4T cell response,,Infection induced gene expression,,,Infection type: Acute,,,,,Immune-profiling of ZIKV-infected patients identifies a distinct function of plasmacytoid dendritic cells for immune cross-regulation,https://www.nature.com/articles/s41467-020-16217-5#Sec2
IGE_108,Zika virus,Mosquito-borne pathogen,,Viral response,Zika virus associated CD8T cell response,,Infection induced gene expression,,,Infection type: Acute,,,,,Immune-profiling of ZIKV-infected patients identifies a distinct function of plasmacytoid dendritic cells for immune cross-regulation,https://www.nature.com/articles/s41467-020-16217-5#Sec3
IGE_109,Zika virus,Mosquito-borne pathogen,,Viral response,Zika virus associated mDCs response,,Infection induced gene expression,,,Infection type: Acute,,,,,Immune-profiling of ZIKV-infected patients identifies a distinct function of plasmacytoid dendritic cells for immune cross-regulation,https://www.nature.com/articles/s41467-020-16217-5#Sec4
IGE_110,Zika virus,Mosquito-borne pathogen,,Viral response,Zika virus associated monocytes response,,Infection induced gene expression,,,Infection type: Acute,,,,,Immune-profiling of ZIKV-infected patients identifies a distinct function of plasmacytoid dendritic cells for immune cross-regulation,https://www.nature.com/articles/s41467-020-16217-5#Sec5
IGE_111,Zika virus,Mosquito-borne pathogen,,Viral response,Zika virus associated NK cells response,,Infection induced gene expression,,,Infection type: Acute,,,,,Immune-profiling of ZIKV-infected patients identifies a distinct function of plasmacytoid dendritic cells for immune cross-regulation,https://www.nature.com/articles/s41467-020-16217-5#Sec6
IGE_112,Zika virus,Mosquito-borne pathogen,,Viral response,Zika virus associated pDCs response,,Infection induced gene expression,,,Infection type: Acute,,,,,Immune-profiling of ZIKV-infected patients identifies a distinct function of plasmacytoid dendritic cells for immune cross-regulation,https://www.nature.com/articles/s41467-020-16217-5#Sec7
IGE_113,Lyme disease,Early Disseminated,Borrelia burgdorferi,Interferons,,,Infection induced gene expression,,,Infection type: Acute,,,,,Global Transcriptome Analysis Identifies a Diagnostic Signature for Early Disseminated Lyme Disease and Its Resolution,https://mbio.asm.org/content/11/2/e00047-20.long#sec-2
IGE_114,Mycobacterium tuberculosis,HIV-1 infection,Interferons,Siglec-1,Tunneling nanotube (TNT) formation,,Infection induced gene expression,,,,,,,,Tuberculosis-associated IFN-I induces Siglec-1 on tunneling nanotubes and favors HIV-1 spread in macrophages,https://elifesciences.org/articles/52535#fig1
IGE_115,Monocytes,Sepsis, CD14+ Monocytes,Innate immune response,,,Infection induced gene expression,,,,,,,,Differential Gene Expression in Circulating CD14+ Monocytes Indicates the Prognosis of Critically Ill Patients with Sepsis,https://www.mdpi.com/2077-0383/9/1/127
IGE_116,Dendritic cells,Monocytes,Bone marrow monocytes,Myelodysplastic syndromes,Hematopoietic stem cell disease,Bacterial infection,Infection induced gene expression,,,Infection type: Acute,,,,,Bone Marrow Monocytes and Derived Dendritic Cells from Myelodysplastic Patients Have Functional Abnormalities Associated with Defective Response to Bacterial Infection,https://www.jimmunol.org/content/204/8/2098
IGE_117,Fusobacterium nucleatum,Oral stem cells,Gingiva-derived mesenchymal stem cells,Cell proliferation,Cell migration,Oral pathogen,Infection induced gene expression,,,Infection type: Acute,,,,,Persistent Exposure to Fusobacterium nucleatum Triggers Chemokine/Cytokine Release and Inhibits the Proliferation and Osteogenic Differentiation Capabilities of Human Gingiva-Derived Mesenchymal Stem Cells,https://www.frontiersin.org/articles/10.3389/fcimb.2019.00429/full
IGE_118,Hepatocellular carcinoma,PBMCs,HBV Infection,,,,Infection induced gene expression,,,Infection type: Chronic,,,,,Dynamic edge-based biomarker non-invasively predicts hepatocellular carcinoma with hepatitis B virus infection for individual patients based on blood testing,https://academic.oup.com/jmcb/article/11/8/665/5423496#164389739
IGE_119,Fusobacterium nucleatum,Human gingival fibroblasts,Oral pathogen,Reactive oxygen species,,,Infection induced gene expression,,,Infection type: Acute,,,,,Time-Course Transcriptome Analysis for Drug Repositioning in Fusobacterium nucleatum-Infected Human Gingival Fibroblasts,https://www.frontiersin.org/articles/10.3389/fcell.2019.00204/full#h4
IGE_120,Fusobacterium nucleatum,Oral pathogen,Apopotosis,Reactive oxygen species,Inflammation,Human gingival fibroblasts,Infection induced gene expression,,,Infection type: Acute,,,,,"Fusobacterium nucleatum Facilitates Apoptosis, ROS Generation, and Inflammatory Cytokine Production by Activating AKT/MAPK and NF-κB Signaling Pathways in Human Gingival Fibroblasts",https://www.hindawi.com/journals/omcl/2019/1681972/#results
IGE_121,Merkel cell polyomavirus,Merkel cell carcinoma,Skin cancer,Cell proliferation,Wound healing,,Infection induced gene expression,,,,,,,,"Merkel Cell Polyomavirus Downregulates N-myc Downstream-Regulated Gene 1, Leading to Cellular Proliferation and Migration",https://www.ncbi.nlm.nih.gov/pmc/articles/PMC7000982/
IGE_122,Epstein-Barr-virus-associated gastric cancer,Gastric adenocarcinoma epithelial cells,Gastric cancer,Metabolic pathways,,,Infection induced gene expression,,,,,,,,Comprehensive Multi-Omics Analysis Reveals Aberrant Metabolism of Epstein–Barr-Virus-Associated Gastric Carcinoma,https://www.mdpi.com/2073-4409/8/10/1220/htm#app1-cells-08-01220
IGE_123,Human papillomavirus,HPV-induced warts,HPV Infection,,,,Infection induced gene expression,,,,,,,,Transcriptome analysis of HPV-induced warts and healthy skin in humans,https://bmcmedgenomics.biomedcentral.com/articles/10.1186/s12920-020-0700-7#Sec7
IGE_124,Zika virus,Abortion,Fetal development,Pre-implantation,Peri-implantation,Trophectoderm cells,Infection induced gene expression,,,,,,,,Pre- and peri-implantation Zika virus infection impairs fetal development by targeting trophectoderm cells,https://www.nature.com/articles/s41467-019-12063-2#Sec2
IGE_125,Dendritic cells,Hepatitis B virus infection,Plasmacytoid DCs,IL6ST expression,,,Infection induced gene expression,,,Infection type: Acute,,,,,Characteristics of Impaired Dendritic Cell Function in Patients With Hepatitis B Virus Infection,https://aasldpubs.onlinelibrary.wiley.com/doi/full/10.1002/hep.30637
IGE_126,Diffuse large B-cell lymphoma,HIV infection,Germinal center B-cell,DNA repair,Genomic stability,,Infection induced gene expression,,,,,,,,Enhanced DNA repair and genomic stability identify a novel HIV‐related diffuse large B‐cell lymphoma signature,https://onlinelibrary.wiley.com/doi/full/10.1002/ijc.32381
IGE_127,Human papillomavirus,Cervical epithelium,Cell cycle control,Cell division,Mitosis,DNA replication,DNA damage repair,Infection induced gene expression,,,,,,,"Tissue-Specific Gene Expression during Productive Human Papillomavirus 16 Infection of Cervical, Foreskin, and Tonsil Epithelium",https://www.ncbi.nlm.nih.gov/pmc/articles/PMC6694821/
IGE_128,Pulmonary nontuberculous mycobacterial disease,T cell signaling,Interferons,,,,Infection induced gene expression,,,Infection type: Chronic,,,,,Whole-Blood Gene Expression in Pulmonary Nontuberculous Mycobacterial Infection,https://www.atsjournals.org/doi/full/10.1165/rcmb.2017-0230OC#_i6
TGE_1,Neurotoxins,Genotoxic carcinogens,Nuclear factor kB,,,,Chemical induced gene expression,,,,,,,,20 categorized chemicals effect on human embryonic stem cell,https://academic.oup.com/nar/article/44/12/5515/2457542
TGE_2,Genotoxic,Non-genotoxic,Hepatocarcinogens,Carcinogen,Liver-based in vitro models,,Chemical induced gene expression,,,,,,,,Transcriptomics response to genotoxic and non-genotoxic hepatocarcinogens and non-carcinogens in in-vitro liver models,https://academic.oup.com/carcin/article/34/6/1393/2463141
TGE_3,Genotoxic,Carcinogen,,,,,Chemical induced gene expression,,,,,,,,DEGs due to benzo[a]pyrene,https://www.sciencedirect.com/science/article/abs/pii/S0300483X11003192